Object Name,Prefab Name,Grab,Open,Switch,Sit
Amplifier,Amplifier,,,,
Apple,FMGP_PRE_Apple_1024,y,,,
SportsBall,mH_Soccerball,y,,,
SportsBall,mH_Baseball,y,,,
SportsBall,mH_Volleyball,y,,,
SportsBall,Soccerball_1,y,,,
SportsBall,Soccerball_2,y,,,
SportsBall,Soccerball_3,y,,,
Bananas,FMGP_PRE_Bananas_1024,y,,,
BarSoap,PRE_PRO_Hand_soap_01,y,,,
Bathroom_cabinet,PRE_FUR_Bathroom_cabinet_01_01,,y,,
Bathroom_cabinet,PRE_FUR_Bathroom_cabinet_01_02,,y,,
Bathroom_cabinet,PRE_FUR_Bathroom_cabinet_01_03,,y,,
Bathroom_cabinet,PRE_FUR_Bathroom_cabinet_01_04,,y,,
Bathroom_cabinet,PRE_FUR_Bathroom_cabinet_01_05,,y,,
Bathroom_cabinet,PRE_FUR_Bathroom_cabinet_02_01_w_lamps,,y,,
Bathroom_cabinet,PRE_FUR_Bathroom_cabinet_02_02_w_lamps,,y,,
Bathroom_cabinet,PRE_FUR_Bathroom_cabinet_02_03_w_lamps,,y,,
Bathroom_cabinet,PRE_FUR_Bathroom_cabinet_02_04_w_lamps,,y,,
Bathroom_cabinet,PRE_FUR_Bathroom_cabinet_02_05_w_lamps,,y,,
Bathroom_counter,PRE_FUR_Bathroom_counter_01,,,,
Bathroom_counter,PRE_FUR_Bathroom_counter_02,,,,
Bathroom_counter,PRE_FUR_Bathroom_counter_03,,,,
Bathroom_counter,PRE_FUR_Bathroom_counter_04,,,,
Bathroom_counter,PRE_FUR_Bathroom_counter_05,,,,
Bathtub,Bathtub_1,,,,y
Bathtub,PRE_FUR_Bathtub_01,,,,y
Bathtub,PRE_FUR_Bathtub_02,,,,y
Bed,PRE_FUR_Bed_01_01_01,,,,y
Bed,PRE_FUR_Bed_01_01_02,,,,y
Bed,PRE_FUR_Bed_01_01_03,,,,y
Bed,PRE_FUR_Bed_01_01_04,,,,y
Bed,PRE_FUR_Bed_01_01_05,,,,y
Bed,PRE_FUR_Bed_01_02_01,,,,y
Bed,PRE_FUR_Bed_01_02_02,,,,y
Bed,PRE_FUR_Bed_01_02_03,,,,y
Bed,PRE_FUR_Bed_01_02_04,,,,y
Bed,PRE_FUR_Bed_01_02_05,,,,y
Bed,PRE_FUR_Bed_01_03_01,,,,y
Bed,PRE_FUR_Bed_01_03_02,,,,y
Bed,PRE_FUR_Bed_01_03_03,,,,y
Bed,PRE_FUR_Bed_01_03_04,,,,y
Bed,PRE_FUR_Bed_01_03_05,,,,y
Bed,PRE_FUR_Bed_01_04_01,,,,y
Bed,PRE_FUR_Bed_01_04_02,,,,y
Bed,PRE_FUR_Bed_01_04_03,,,,y
Bed,PRE_FUR_Bed_01_04_04,,,,y
Bed,PRE_FUR_Bed_01_04_05,,,,y
Bed,PRE_FUR_Bed_01_05_01,,,,y
Bed,PRE_FUR_Bed_01_05_02,,,,y
Bed,PRE_FUR_Bed_01_05_03,,,,y
Bed,PRE_FUR_Bed_01_05_04,,,,y
Bed,PRE_FUR_Bed_01_05_05,,,,y
Bed,PRE_FUR_Bed_01_06_01,,,,y
Bed,PRE_FUR_Bed_01_06_02,,,,y
Bed,PRE_FUR_Bed_01_06_03,,,,y
Bed,PRE_FUR_Bed_01_06_04,,,,y
Bed,PRE_FUR_Bed_01_06_05,,,,y
Bed,PRE_FUR_Bed_02_01_01,,,,y
Bed,PRE_FUR_Bed_02_01_02,,,,y
Bed,PRE_FUR_Bed_02_01_03,,,,y
Bed,PRE_FUR_Bed_02_01_04,,,,y
Bed,PRE_FUR_Bed_02_01_05,,,,y
Bed,PRE_FUR_Bed_02_02_01,,,,y
Bed,PRE_FUR_Bed_02_02_02,,,,y
Bed,PRE_FUR_Bed_02_02_03,,,,y
Bed,PRE_FUR_Bed_02_02_04,,,,y
Bed,PRE_FUR_Bed_02_02_05,,,,y
Bed,PRE_FUR_Bed_02_03_01,,,,y
Bed,PRE_FUR_Bed_02_03_02,,,,y
Bed,PRE_FUR_Bed_02_03_03,,,,y
Bed,PRE_FUR_Bed_02_03_04,,,,y
Bed,PRE_FUR_Bed_02_03_05,,,,y
Bed,PRE_FUR_Bed_02_04_01,,,,y
Bed,PRE_FUR_Bed_02_04_02,,,,y
Bed,PRE_FUR_Bed_02_04_03,,,,y
Bed,PRE_FUR_Bed_02_04_04,,,,y
Bed,PRE_FUR_Bed_02_04_05,,,,y
Bed,PRE_FUR_Bed_02_05_01,,,,y
Bed,PRE_FUR_Bed_02_05_02,,,,y
Bed,PRE_FUR_Bed_02_05_03,,,,y
Bed,PRE_FUR_Bed_02_05_04,,,,y
Bed,PRE_FUR_Bed_02_05_05,,,,y
Bed,PRE_FUR_Bed_02_06_01,,,,y
Bed,PRE_FUR_Bed_02_06_02,,,,y
Bed,PRE_FUR_Bed_02_06_03,,,,y
Bed,PRE_FUR_Bed_02_06_04,,,,y
Bed,PRE_FUR_Bed_02_06_05,,,,y
Bed,Bed_1,,,,y
Bed,Bed_2,,,,y
BellPepper,FMGP_PRE_Bell_pepper_1024,y,,,
Bench,PRE_FUR_Bench_01_01,,,,y
Bench,PRE_FUR_Bench_01_02,,,,y
Bench,PRE_FUR_Bench_01_03,,,,y
Bench,PRE_FUR_Bench_01_04,,,,y
Bench,PRE_FUR_Bench_01_05,,,,y
Bench,PRE_FUR_Bench_01_06,,,,y
Bench,PRE_FUR_Bench_01_07,,,,y
Board,Board,,,,
Boardgame,Boardgame_1,y,,,
Boardgame,Boardgame_2,y,,,
Book,Book_1,y,y,,
Book,Book_2,y,y,,
Book,Book_3,y,y,,
Book,Book_4,y,y,,
Book,Book_5,y,y,,
Book,Book_6,y,y,,
Book,Book_7,y,y,,
Book,Book_8,y,y,,
Book,Book_9,y,y,,
Book,Book_10,y,y,,
Book,Book_11,y,y,,
Book,Book_12,y,y,,
Book,Book_13,y,y,,
Book,Book_14,y,y,,
Book,Book_15,y,y,,
Book,Book_16,y,y,,
Book,Book_17,y,y,,
Book,Book_18,y,y,,
Book,Book_19,y,y,,
Book,Book_20,y,y,,
Book,Book_21,y,y,,
Book,Book_22,y,y,,
Book,Book_23,y,y,,
Book,Book_24,y,y,,
Book,Book_25,y,y,,
Book,Book_26,y,y,,
Book,Book_27,y,y,,
Book,Book_28,y,y,,
Book,PRE_PRO_Book_01,y,y,,
Book,PRE_PRO_Book_02,y,y,,
Book,mH_BookSet1_Book1,y,y,,
Book,mH_BookSet1_Book6,y,y,,
Book,mH_BookSet1_Book7,y,y,,
Book,mH_BookSet1_Book8,y,y,,
Book,mH_BookSet1_Book9,y,y,,
Book,mH_BookSet1_Book10,y,y,,
Book,mH_BookSet1_Book11,y,y,,
Book,mH_BookSet1_Book12,y,y,,
Book,mH_BookSet1_Book13,y,y,,
Book,mH_BookSet1_Book14,y,y,,
Book,mH_BookSet1_Book15,y,y,,
Book,mH_BookSet04_ClosedBook01,y,y,,
Book,mH_BookSet04_ClosedBook02,y,y,,
Book,mH_BookSet04_ClosedBook03,y,y,,
Book,mH_BookSet04_ClosedBook04,y,y,,
Book,mH_BookSet04_OpenBook,y,y,,
Book,mH_OpenBook01,y,y,,
Book,mH_OpenBook02,y,y,,
Book,mH_OpenBook03,y,y,,
Book,mH_OpenBook04,y,y,,
BookShelf,BookShelf_1,,y,,
BookShelf,BookShelf_2,,y,,
BookShelf,BookShelf_3,,y,,
BookShelf,PRE_FUR_Bookshelf_01_01,,y,,
BookShelf,PRE_FUR_Bookshelf_01_02,,y,,
BookShelf,PRE_FUR_Bookshelf_01_03,,y,,
BookShelf,PRE_FUR_Bookshelf_01_04,,y,,
BookShelf,PRE_FUR_Bookshelf_01_05,,y,,
BookShelf,PRE_FUR_Bookshelf_01_06,,y,,
BookShelf,PRE_FUR_Bookshelf_01_07,,y,,
BookShelf,PRE_FUR_Bookshelf_01_08,,y,,
BookShelf,PRE_FUR_Bookshelf_01_09,,y,,
Box,PRE_PRO_Box_01,y,y,,
Box,FMGP_PRE_Wooden_box_1024,y,y,,
Box,mH_MovingBoxClosed01,y,y,,
Box,mH_MovingBoxOpen01,y,y,,
Box,mH_MovingBoxOpen02,y,y,,
Bread,Bread_2,y,,,
Bread_slice,Bread_slice_1,y,,,
Broom,mH_Broomstick01,y,,,
Broom,mH_LargeBroom01,y,,,
Bucket,mH_Bucket01,y,,,
Carrot,Carrot_1,y,,,
Carrot,Carrot_2,y,,,
Cat,Cat_1,y,,,
Cat,Cat_2,y,,,
Cards,Cards_2,y,,,
Cellphone,Cellphone_1,y,,y,
Cellphone,Cellphone_1a,y,,y,
Cellphone,Cellphone_1b,y,,y,
Cellphone,Cellphone_6,y,,y,
Cellphone,Cellphone_6a,y,,y,
Cellphone,Cellphone_6b,y,,y,
Cellphone,Cellphone_7,y,,y,
Cellphone,Cellphone_7a,y,,y,
Cellphone,Cellphone_7b,y,,y,
Cellphone,Cellphone_11,y,,y,
Cellphone,Cellphone_12,y,,y,
Chinesefood,mH_ChineseTakeoutBox,y,,,
Coffee_pot,Coffee_pot_1a,y,y,,
Coffee_pot,Coffee_pot_1b,y,y,,
Coffee_pot,Coffee_pot_1c,y,y,,
Coffee_pot,Coffee_pot_1d,y,y,,
Coffee_pot,Coffee_pot_1e,y,y,,
Coffee_pot,Coffee_pot_3,y,y,,
Coffee_pot,Coffee_pot_3a,y,y,,
Coffee_pot,Coffee_pot_3b,y,y,,
Coffee_pot,Coffee_pot_3c,y,y,,
Coffee_pot,Coffee_pot_3d,y,y,,
Coffee_pot,Coffee_pot_3e,y,y,,
Crayons,Crayons_1,y,,,
Chair,PRE_FUR_CPU_chair_01_01,y,,,y
Chair,PRE_FUR_CPU_chair_01_02,y,,,y
Chair,PRE_FUR_CPU_chair_01_03,y,,,y
Chair,PRE_FUR_CPU_chair_01_04,y,,,y
Chair,PRE_FUR_CPU_chair_01_05,y,,,y
Chair,PRE_FUR_CPU_chair_01_06,y,,,y
Chair,PRE_FUR_CPU_chair_01_07,y,,,y
Chair,PRE_FUR_CPU_chair_02_01,y,,,y
Chair,PRE_FUR_CPU_chair_02_02,y,,,y
Chair,PRE_FUR_CPU_chair_02_03,y,,,y
Chair,PRE_FUR_CPU_chair_02_04,y,,,y
Chair,PRE_FUR_CPU_chair_02_05,y,,,y
Chair,PRE_FUR_CPU_chair_02_06,y,,,y
Chair,PRE_FUR_CPU_chair_02_07,y,,,y
Chair,PRE_FUR_CPU_chair_03_01,y,,,y
Chair,PRE_FUR_CPU_chair_03_02,y,,,y
Chair,PRE_FUR_CPU_chair_03_03,y,,,y
Chair,PRE_FUR_CPU_chair_03_04,y,,,y
Chair,PRE_FUR_CPU_chair_03_05,y,,,y
Chair,PRE_FUR_CPU_chair_03_06,y,,,y
Chair,PRE_FUR_CPU_chair_03_07,y,,,y
Chair,PRE_FUR_CPU_chair_04_01,y,,,y
Chair,PRE_FUR_CPU_chair_04_02,y,,,y
Chair,PRE_FUR_CPU_chair_04_03,y,,,y
Chair,PRE_FUR_CPU_chair_04_04,y,,,y
Chair,PRE_FUR_CPU_chair_04_05,y,,,y
Chair,PRE_FUR_CPU_chair_04_06,y,,,y
Chair,PRE_FUR_CPU_chair_04_07,y,,,y
Chair,PRE_FUR_Kitchen_chair_01_01,y,,,y
Chair,PRE_FUR_Kitchen_chair_01_02,y,,,y
Chair,PRE_FUR_Kitchen_chair_01_03,y,,,y
Chair,PRE_FUR_Recliner_01_01_01,y,,,y
Chair,PRE_FUR_Recliner_01_01_02,y,,,y
Chair,PRE_FUR_Recliner_01_01_03,y,,,y
Chair,PRE_FUR_Recliner_01_01_04,y,,,y
Chair,PRE_FUR_Recliner_01_01_05,y,,,y
Chair,PRE_FUR_Recliner_01_02_01,y,,,y
Chair,PRE_FUR_Recliner_01_02_02,y,,,y
Chair,PRE_FUR_Recliner_01_02_03,y,,,y
Chair,PRE_FUR_Recliner_01_02_04,y,,,y
Chair,PRE_FUR_Recliner_01_02_05,y,,,y
Cabinet,Cabinet_1,,y,,
Cabinet,mH_FloorCabinet01,,y,,
Candle,PRE_DEC_Candle_01,y,,y,
CeilingFan,CeilingFan,,,,
Ceiling_lamp,PRE_LAM_Ceiling_lamp_01_01,,,,
Ceiling_lamp,PRE_LAM_Ceiling_lamp_01_02,,,,
Ceiling_lamp,PRE_LAM_Ceiling_lamp_01_03,,,,
Ceiling_lamp,PRE_LAM_Ceiling_lamp_01_04,,,,
Ceiling_lamp,PRE_LAM_Ceiling_lamp_01_05,,,,
Ceiling_lamp,PRE_LAM_Ceiling_lamp_01_06,,,,
Ceiling_lamp,PRE_LAM_Ceiling_lamp_01_07,,,,
Ceiling_lamp,PRE_LAM_Ceiling_lamp_02_01,,,,
Ceiling_lamp,PRE_LAM_Ceiling_lamp_02_02,,,,
Ceiling_lamp,PRE_LAM_Ceiling_lamp_02_03,,,,
Ceiling_lamp,PRE_LAM_Ceiling_lamp_02_04,,,,
Ceiling_lamp,PRE_LAM_Ceiling_lamp_02_05,,,,
Ceiling_lamp,PRE_LAM_Ceiling_lamp_02_06,,,,
Ceiling_lamp,PRE_LAM_Ceiling_lamp_02_07,,,,
Ceiling_lamp,PRE_LAM_Ceiling_lamp_02_08,,,,
Ceiling_lamp,PRE_LAM_Ceiling_lamp_02_09,,,,
Ceiling_lamp,PRE_LAM_Ceiling_lamp_02_10,,,,
Ceiling_lamp,PRE_LAM_Ceiling_lamp_03_01,,,,
Ceiling_lamp,PRE_LAM_Ceiling_lamp_03_02,,,,
ChefKnife,PRE_PRO_Knife_01,y,,,
ChefKnife,PRE_PRO_Knife_02,y,,,
Chicken,SMGP_PRE_Chicken_1024,y,,,
ChocolateSyrup,SMGP_PRE_Chocolate_syrup_1024,y,,,
Clock,Clock_1,y,,y,
Closet,PRE_FUR_Closet_01_01,,y,,
Closet,PRE_FUR_Closet_01_02,,y,,
Closet,PRE_FUR_Closet_01_03,,y,,
Closet,PRE_FUR_Closet_01_04,,y,,
Closet,PRE_FUR_Closet_01_05,,y,,
Closet,PRE_FUR_Closet_01_06,,y,,
Closet,PRE_FUR_Closet_01_07,,y,,
Closet,PRE_FUR_Closet_01_08,,y,,
Closet,PRE_FUR_Closet_01_09,,y,,
Closet,PRE_FUR_Closet_01_10,,y,,
Closet,PRE_FUR_Closet_01_11,,y,,
Closet,PRE_FUR_Closet_01_12,,y,,
Closet,PRE_FUR_Closet_01_13,,y,,
Closet,PRE_FUR_Closet_01_14,,y,,
Closet,PRE_FUR_Closet_01_15,,y,,
Closet,PRE_FUR_Closet_02_01_01,,y,,
Closet,PRE_FUR_Closet_02_01_02,,y,,
Closet,PRE_FUR_Closet_02_01_03,,y,,
Closet,PRE_FUR_Closet_02_01_04,,y,,
Closet,PRE_FUR_Closet_02_01_05,,y,,
Closet,PRE_FUR_Closet_02_02_01,,y,,
Closet,PRE_FUR_Closet_02_02_02,,y,,
Closet,PRE_FUR_Closet_02_02_03,,y,,
Closet,PRE_FUR_Closet_02_02_04,,y,,
Closet,PRE_FUR_Closet_02_02_05,,y,,
Closet,PRE_FUR_Closet_02_03_01,,y,,
Closet,PRE_FUR_Closet_02_03_02,,y,,
Closet,PRE_FUR_Closet_02_03_03,,y,,
Closet,PRE_FUR_Closet_02_03_04,,y,,
Closet,PRE_FUR_Closet_02_03_05,,y,,
Closet_Drawer,PRE_FUR_Closet_02_Drawer_01,,,,
Closet_Drawer,PRE_FUR_Closet_02_Drawer_02,,,,
Clothes_pants,PRE_PRO_Pants_01,y,,,
Clothes_pants,PRE_PRO_Pants_02,y,,,
Clothes_pile,PRE_PRO_Clothes_pile_04,y,y,,
Clothes_pile,PRE_PRO_Clothes_pile_06,y,y,,
Clothes_shirt,PRE_PRO_Shirt_01,y,,,
Coffee_table,PRE_FUR_Coffee_table_01_01,,,,
Coffee_table,PRE_FUR_Coffee_table_01_02,,,,
Coffee_table,PRE_FUR_Coffee_table_01_03,,,,
Coffee_table,PRE_FUR_Coffee_table_01_04,,,,
Coffee_table,PRE_FUR_Coffee_table_01_05,,,,
Coffee_table,PRE_FUR_Coffee_table_01_06,,,,
Coffee_table,PRE_FUR_Coffee_table_01_07,,,,
Coffee_table,PRE_FUR_Coffee_table_01_08,,,,
Coffee_table,PRE_FUR_Coffee_table_01_09,,,,
Coffee_table,PRE_FUR_Coffee_table_01_10,,,,
Coffee_table,PRE_FUR_Coffee_table_01_11,,,,
Coffee_table,PRE_FUR_Coffee_table_01_12,,,,
Coffee_table,CoffeeTable_1,,,,
Coffee_table,CoffeeTable_3,,,,
Coffee_table,CoffeeTable_4,,,,
Coffee_table,CoffeeTable_5,,,,
Coffeemaker,PRE_APP_Coffeemaker_01,,y,y,
Coffeemaker,PRE_APP_Coffeemaker_02,,y,y,
Coffeemaker,PRE_APP_Coffeemaker_03,,y,y,
Coffeemaker,PRE_APP_Coffeemaker_04,,y,y,
Coffeemaker,PRE_APP_Coffeemaker_05,,y,y,
Coffeemaker,PRE_APP_Coffeemaker_06,,y,y,
Coffeemaker,PRE_APP_Coffeemaker_07,,y,y,
Coffeemaker,PRE_APP_Coffeemaker_08,,y,y,
Coffeemaker,PRE_APP_Coffeemaker_09,,y,y,
Coffeemaker,PRE_APP_Coffeemaker_10,,y,y,
Condiment_bottle,PRE_PRO_Condiment_01,y,,,
Condiment_bottle,PRE_PRO_Condiment_02,y,,,
Condiment_shaker,PRE_PRO_Salt_shaker_01,y,,,
Condiment_shaker,PRE_PRO_Pepper_shaker_01,y,,,
CookingPot,mH_CookingPot01,y,y,,
CookingPot,mH_CookingPot02,y,y,,
CookingPot,mH_CookingPot03,y,y,,
CookingPot,PRE_PRO_Cooking_pot_01_01,y,y,,
CookingPot,PRE_PRO_Cooking_pot_01_02,y,y,,
CookingPot,PRE_PRO_Cooking_pot_02_01,y,y,,
CookingPot,PRE_PRO_Cooking_pot_02_02,y,y,,
CandyBar,SMGP_PRE_Candy_bar_1024,y,,,
Crackers,SMGP_PRE_Salt_crackers_1024,y,,,
Cereal,SMGP_PRE_Cereal_1024,y,,,
CreamyBuns,SMGP_PRE_Creamy_buns_1024,y,,,
Chips,SMGP_PRE_Potato_chips_1024,y,,,
Cucumber,FMGP_PRE_Cucumber_1024,y,,,
Cupcake,DHP_PRE_Pink_cupcake_1024,y,,,
Cupcake,DHP_PRE_Rainbow_cupcake_1024,y,,,
Curtains,PRE_DEC_Curtains_01_01_01_01,,y,,
Cutlery_Knife,PRE_PRO_Knife_01,y,,,
Cutlery_Knife,PRE_PRO_Knife_02,y,,,
Cutlery_Knife,PRE_PRO_Knife_03,y,,,
Cutlery_fork,PRE_PRO_Fork_01,y,,,
Cutlets,SMGP_PRE_Cutlets_1024,y,,,
Cutting_board,Cutting_board_1,y,,,
Cutting_board,Cutting_board_2,y,,,
Cutting_board,mH_CuttingBoard01,y,,,
Deodorant,PRE_PRO_Deodorant_01,,,,
Desk,Desk_1,,y,,
Desk,Desk_2,,y,,
Desk,Desk_3,,y,,
Desk,Desk_4,,y,,
Desk,Desk_5,,y,,
Desk,PRE_FUR_CPU_table_01_01,,y,,
Desk,PRE_FUR_CPU_table_01_02,,y,,
Desk,PRE_FUR_CPU_table_01_03,,y,,
Desk,PRE_FUR_CPU_table_01_04,,y,,
Desk,PRE_FUR_CPU_table_01_05,,y,,
DiningTable,DiningTable2,,,,
DiningTable,DiningTable3,,,,
DiningTable,DiningTable4,,,,
DiningTable,DiningTable5,,,,
DiningTable,DiningTable6,,,,
DishWashingLiquid,PRE_PRO_Washing_liquid,y,,,
Dish_bowl,PRE_PRO_Bowl_01,y,,,
Dish_bowl,PRE_PRO_Bowl_02,y,,,
Dish_bowl,FMGP_PRE_Wooden_bowl_1024,y,,,
Plate,PRE_PRO_Plate_01,y,,,
Dishwasher,PRE_APP_Dishwasher_01_01,,y,y,
Dishwasher,PRE_APP_Dishwasher_01_02,,y,y,
Dishwasher,PRE_APP_Dishwasher_01_03,,y,y,
Dishwasher,PRE_APP_Dishwasher_01_04,,y,y,
Dishwasher,PRE_APP_Dishwasher_01_05,,y,y,
Door,PRE_DOO_Door_01_01,,y,,
Door,PRE_DOO_Door_01_02,,y,,
Door,PRE_DOO_Door_01_03,,y,,
Door,PRE_DOO_Door_01_04,,y,,
Door,PRE_DOO_Door_01_05,,y,,
Doorjamb,PRE_DOO_Doorjamb_01,,,,
Doorjamb,PRE_DOO_Doorjamb_02,,,,
Doorjamb,PRE_DOO_Doorjamb_03,,,,
Doorjamb,PRE_DOO_Doorjamb_04,,,,
Doorjamb,PRE_DOO_Doorjamb_05,,,,
Doorjamb,PRE_DOO_Doorjamb_06,,,,
Doorjamb,PRE_DOO_Doorjamb_07,,,,
Donut,Donut_2,,,,
Donut,Donut_3,,,,
Dustpan,mH_Dustpan01,y,,,
FaceCream,PRE_PRO_Face_cream_01,y,,,
Folder,Folder_1,y,y,,
Folder,Folder_2,y,y,,
Folder,Folder_3,y,y,,
Folder,Folder_4,y,y,,
Fridge,PRE_APP_Fridge_01_01,,y,y,
Fridge,PRE_APP_Fridge_01_02,,y,y,
Fridge,PRE_APP_Fridge_01_03,,y,y,
Fridge,PRE_APP_Fridge_01_04,,y,y,
Fridge,PRE_APP_Fridge_01_05,,y,y,
Fridge,PRE_APP_Fridge_01_06,,y,y,
FryingPan,FryingPan_2,y,,,
FryingPan,PRE_PRO_Frying_pan_01,y,,,
Game,mH_Abacus,,,,
Game,mH_WorldGlobe01,,,,
Globe,mH_WorldGlobe01,y,,,
Garbage_can,Garbage_can_2,,y,,
Garbage_can,Garbage_can_6,,y,,
Garbage_can,Garbage_can_7,,y,,
Garbage_can,Garbage_can_8,,y,,
Glasses,mH_PixelSunglasses,y,,,
Glasses,mH_Sunglasses,y,,,
Guitar,Guitar1,,,,
HairProduct,PRE_PRO_Conditioner_01,y,y,,
HairProduct,PRE_PRO_Shampoo_01,y,y,,
Hanger,PRE_PRO_Coat_hanger_01_01_01,y,,,
Hanger,PRE_PRO_Coat_hanger_01_01_02,y,,,
Hanger,PRE_PRO_Coat_hanger_01_01_03,y,,,
Hanger,PRE_PRO_Coat_hanger_01_01_04,y,,,
Hanger,PRE_PRO_Coat_hanger_01_01_05,y,,,
Hanger,PRE_PRO_Coat_hanger_01_01_06,y,,,
Hanger,PRE_PRO_Coat_hanger_01_01_07,y,,,
Hanger,PRE_PRO_Coat_hanger_01_01_08,y,,,
Hanger,PRE_PRO_Coat_hanger_01_01_09,y,,,
Hanger,PRE_PRO_Coat_hanger_01_01_10,y,,,
Hanger,PRE_PRO_Coat_hanger_01_02_01,y,,,
Hanger,PRE_PRO_Coat_hanger_01_02_02,y,,,
Hanger,PRE_PRO_Coat_hanger_01_02_03,y,,,
Hanger,PRE_PRO_Coat_hanger_01_02_04,y,,,
Hanger,PRE_PRO_Coat_hanger_01_02_05,y,,,
Hanger,PRE_PRO_Coat_hanger_01_02_06,y,,,
Hanger,PRE_PRO_Coat_hanger_01_02_07,y,,,
Hanger,PRE_PRO_Coat_hanger_01_02_08,y,,,
Hanger,PRE_PRO_Coat_hanger_01_02_09,y,,,
Hanger,PRE_PRO_Coat_hanger_01_02_10,y,,,
Jacuzzi,Jacuzzi1,,,,
Jacuzzi,Jacuzzi2,,,,
Juice,SMGP_PRE_Juice_1024,y,,,
Juice,Juice_2,y,,,
Journal,mH_JournalBook,y,y,,
Keyboard,PRE_ELE_Keyboard_01,y,,,
Keyboard,PRE_ELE_Keyboard_02,y,,,
Keyboard,PRE_ELE_Keyboard_03,y,,,
Keyboard,PRE_ELE_Keyboard_04,y,,,
Keyboard,PRE_ELE_Keyboard_05,y,,,
Keyboard,PRE_ELE_Keyboard_06,y,,,
Keyboard,PRE_ELE_Keyboard_07,y,,,
Keyboard,PRE_ELE_Keyboard_08,y,,,
Kitchen_counter,PRE_FUR_Kitchen_counter_01_01,,,,
Kitchen_counter,PRE_FUR_Kitchen_counter_01_02,,,,
Kitchen_counter,PRE_FUR_Kitchen_counter_01_03,,,,
Kitchen_counter,PRE_FUR_Kitchen_counter_01_04,,,,
Kitchen_counter,PRE_FUR_Kitchen_counter_01_05,,,,
Kitchen_counter,PRE_FUR_Kitchen_counter_01_06,,,,
Kitchen_counter,PRE_FUR_Kitchen_counter_01_07,,,,
Kitchen_counter,PRE_FUR_Kitchen_counter_01_08,,,,
Kitchen_counter,PRE_FUR_Kitchen_counter_01_09,,,,
Kitchen_counter,PRE_FUR_Kitchen_counter_01_10,,,,
Kitchen_counter,PRE_FUR_Kitchen_counter_01_11,,,,
Kitchen_counter,PRE_FUR_Kitchen_counter_01_12,,,,
Kitchen_counter,PRE_FUR_Kitchen_counter_01_13,,,,
Kitchen_counter,PRE_FUR_Kitchen_counter_01_14,,,,
Kitchen_counter,PRE_FUR_Kitchen_counter_01_15,,,,
Kitchen_counter,PRE_FUR_Kitchen_counter_01_16,,,,
Kitchen_counter,PRE_FUR_Kitchen_counter_01_17,,,,
Kitchen_counter,PRE_FUR_Kitchen_counter_01_18,,,,
Kitchen_counter,PRE_FUR_Kitchen_counter_01_19,,,,
Kitchen_counter,PRE_FUR_Kitchen_counter_01_20,,,,
Kitchen_counter,PRE_FUR_Kitchen_counter_01_21,,,,
Kitchen_counter,PRE_FUR_Kitchen_counter_02_01,,,,
Kitchen_counter,PRE_FUR_Kitchen_counter_02_02,,,,
Kitchen_counter,PRE_FUR_Kitchen_counter_02_03,,,,
Kitchen_counter,PRE_FUR_Kitchen_counter_02_04,,,,
Kitchen_counter,PRE_FUR_Kitchen_counter_02_05,,,,
Kitchen_counter,PRE_FUR_Kitchen_counter_02_06,,,,
Kitchen_counter,PRE_FUR_Kitchen_counter_02_07,,,,
Kitchen_counter,PRE_FUR_Kitchen_counter_02_08,,,,
Kitchen_counter,PRE_FUR_Kitchen_counter_02_09,,,,
Kitchen_counter,PRE_FUR_Kitchen_counter_02_10,,,,
Kitchen_counter,PRE_FUR_Kitchen_counter_02_11,,,,
Kitchen_counter,PRE_FUR_Kitchen_counter_02_12,,,,
Kitchen_counter,PRE_FUR_Kitchen_counter_02_13,,,,
Kitchen_counter,PRE_FUR_Kitchen_counter_02_14,,,,
Kitchen_counter,PRE_FUR_Kitchen_counter_02_15,,,,
Kitchen_counter,PRE_FUR_Kitchen_counter_02_16,,,,
Kitchen_counter,PRE_FUR_Kitchen_counter_02_17,,,,
Kitchen_counter,PRE_FUR_Kitchen_counter_02_18,,,,
Kitchen_counter,PRE_FUR_Kitchen_counter_02_19,,,,
Kitchen_counter,PRE_FUR_Kitchen_counter_02_20,,,,
Kitchen_counter,PRE_FUR_Kitchen_counter_02_21,,,,
Kitchen_counter,PRE_FUR_Kitchen_counter_03_01,,,,
Kitchen_counter,PRE_FUR_Kitchen_counter_03_02,,,,
Kitchen_counter,PRE_FUR_Kitchen_counter_03_03,,,,
Kitchen_counter,PRE_FUR_Kitchen_counter_03_04,,,,
Kitchen_counter,PRE_FUR_Kitchen_counter_03_05,,,,
Kitchen_counter,PRE_FUR_Kitchen_counter_03_06,,,,
Kitchen_counter,PRE_FUR_Kitchen_counter_03_07,,,,
Kitchen_counter,PRE_FUR_Kitchen_counter_03_08,,,,
Kitchen_counter,PRE_FUR_Kitchen_counter_03_09,,,,
Kitchen_counter,PRE_FUR_Kitchen_counter_03_10,,,,
Kitchen_counter,PRE_FUR_Kitchen_counter_03_11,,,,
Kitchen_counter,PRE_FUR_Kitchen_counter_03_12,,,,
Kitchen_counter,PRE_FUR_Kitchen_counter_03_13,,,,
Kitchen_counter,PRE_FUR_Kitchen_counter_03_14,,,,
Kitchen_counter,PRE_FUR_Kitchen_counter_03_15,,,,
Kitchen_counter,PRE_FUR_Kitchen_counter_03_16,,,,
Kitchen_counter,PRE_FUR_Kitchen_counter_03_17,,,,
Kitchen_counter,PRE_FUR_Kitchen_counter_03_18,,,,
Kitchen_counter,PRE_FUR_Kitchen_counter_03_19,,,,
Kitchen_counter,PRE_FUR_Kitchen_counter_03_20,,,,
Kitchen_counter,PRE_FUR_Kitchen_counter_03_21,,,,
Kitchen_counter,MOD_FUR_Kitchen_counter_corner_01_01,,,,
Kitchen_counter,MOD_FUR_Kitchen_counter_corner_01_02,,,,
Kitchen_counter,MOD_FUR_Kitchen_counter_corner_01_03,,,,
Kitchen_counter,MOD_FUR_Kitchen_counter_corner_01_04,,,,
Kitchen_counter,MOD_FUR_Kitchen_counter_corner_01_05,,,,
Kitchen_counter,MOD_FUR_Kitchen_counter_corner_01_06,,,,
Kitchen_counter,MOD_FUR_Kitchen_counter_corner_01_07,,,,
Kitchen_counter,MOD_FUR_Kitchen_counter_corner_01_08,,,,
Kitchen_counter,MOD_FUR_Kitchen_counter_corner_01_09,,,,
Kitchen_counter,MOD_FUR_Kitchen_counter_corner_01_10,,,,
Kitchen_counter,MOD_FUR_Kitchen_counter_corner_01_11,,,,
Kitchen_counter,MOD_FUR_Kitchen_counter_corner_01_12,,,,
Kitchen_counter,MOD_FUR_Kitchen_counter_corner_01_13,,,,
Kitchen_counter,MOD_FUR_Kitchen_counter_corner_01_14,,,,
Kitchen_counter,MOD_FUR_Kitchen_counter_corner_01_15,,,,
Kitchen_counter,MOD_FUR_Kitchen_counter_corner_01_16,,,,
Kitchen_counter,MOD_FUR_Kitchen_counter_corner_01_17,,,,
Kitchen_counter,MOD_FUR_Kitchen_counter_corner_01_18,,,,
Kitchen_counter,MOD_FUR_Kitchen_counter_corner_01_19,,,,
Kitchen_counter,MOD_FUR_Kitchen_counter_corner_01_20,,,,
Kitchen_counter,MOD_FUR_Kitchen_counter_corner_01_21,,,,
Kitchen_table,PRE_FUR_Kitchen_table_01_01,,,,
Kitchen_table,PRE_FUR_Kitchen_table_01_02,,,,
Kitchen_table,PRE_FUR_Kitchen_table_01_03,,,,
Kitchen_table,PRE_FUR_Kitchen_table_01_04,,,,
Kitchen_table,PRE_FUR_Kitchen_table_01_05,,,,
Kitchen_table,PRE_FUR_Kitchen_table_01_06,,,,
Kitchen_table,PRE_FUR_Kitchen_table_01_07,,,,
Kitchen_table,PRE_FUR_Kitchen_table_02_01,,,,
Kitchen_table,PRE_FUR_Kitchen_table_02_02,,,,
Kitchen_table,PRE_FUR_Kitchen_table_02_03,,,,
KnifeBlock,PRE_PRO_Knife_block_01,,,,
Lemon,FMGP_PRE_Lemon_1024,y,,,
LightSwitch,PRE_ELE_Light_switch_01,,,y,
LightSwitch,PRE_ELE_Light_switch_03,,,y,
Lime,FMGP_PRE_Lime_1024,y,,,
LotionBottle,mH_LotionBottle,y,y,,
Kettle,mH_Kettle,y,,y,
Magazine,Magazine_4,y,y,,
Magazine,Magazine_5,y,y,,
Magazine,Magazine_7,y,y,,
Magazine,Magazine_7a,y,y,,
Magazine,Magazine_7b,y,y,,
Magazine,Magazine_7c,y,y,,
Magazine,Magazine_7d,y,y,,
Magazine,Magazine_7e,y,y,,
Magazine,Magazine_7f,y,y,,
Magazine,Magazine_7g,y,y,,
Magazine,Magazine_7h,y,y,,
Magazine,Magazine_7i,y,y,,
Magazine,Magazine_7j,y,y,,
Magazine,Magazine_7k,y,y,,
Magazine,Magazine_7l,y,y,,
Magazine,Magazine_7m,y,y,,
Magazine,Magazine_7n,y,y,,
Magazine,Magazine_7o,y,y,,
Magazine,Magazine_7p,y,y,,
Microwave,Microwave_1,,y,y,
Microwave,Microwave_2,,y,y,
Microwave,Microwave_3,,y,y,
Milk,Milk_1,y,y,,
Milk,Milk_1a,y,y,,
Milk,Milk_1b,y,y,,
Milk,Milk_3,y,y,,
Milk,FMGP_PRE_Milk_1024,y,y,,
Milkshake,DHP_PRE_Milkshake_1024,y,,,
MincedMeat,SMGP_PRE_Minced_meat_1024,y,,,
Mouse,PRE_ELE_Mouse_01,y,,,
Mouse,PRE_ELE_Mouse_02,y,,,
Mousemat,PRE_ELE_Mouse_mat_01,,,,
Mousemat,PRE_ELE_Mouse_mat_02,,,,
Mousemat,PRE_ELE_Mouse_mat_03,,,,
Mousemat,PRE_ELE_Mouse_mat_04,,,,
Mousemat,PRE_ELE_Mouse_mat_05,,,,
Mug,PRE_PRO_Mug_01,y,,,
Napkin,Napkin_2,y,,,
Napkin,Napkin_5,y,,,
Napkin,Napkin_5a,y,,,
Napkin,Napkin_5b,y,,,
Napkin,Napkin_5c,y,,,
Napkin,Napkin_5d,y,,,
Napkin,Napkin_5e,y,,,
Nightstand,NightStand1,,y,,
Nightstand,PRE_FUR_Nightstand_01_01,,y,,
Nightstand,PRE_FUR_Nightstand_01_02,,y,,
Nightstand,PRE_FUR_Nightstand_01_03,,y,,
Nightstand,PRE_FUR_Nightstand_01_04,,y,,
Nightstand,PRE_FUR_Nightstand_01_05,,y,,
Nightstand,PRE_FUR_Nightstand_01_06,,y,,
Nightstand,PRE_FUR_Nightstand_01_07,,y,,
Nightstand,PRE_FUR_Nightstand_01_08,,y,,
Nightstand,PRE_FUR_Nightstand_01_09,,y,,
Nightstand,PRE_FUR_Nightstand_01_10,,y,,
Nightstand,PRE_FUR_Nightstand_01_11,,y,,
Nightstand,PRE_FUR_Nightstand_01_12,,y,,
Nightstand,PRE_FUR_Nightstand_01_13,,y,,
Nightstand,PRE_FUR_Nightstand_01_14,,y,,
Nightstand,PRE_FUR_Nightstand_01_15,,y,,
Notes,Notes_1,y,,,
Notes,Notes_4,y,,,
Notes,Notes_4a,y,,,
Notes,Notes_4b,y,,,
Notes,Notes_4c,y,,,
Orange,FMGP_PRE_Orange_1024,y,,,
Orchid,PRE_DEC_Orchid_01,,,,
Orchid,PRE_DEC_Orchid_02,,,,
PC,PC,,,y,
Painkillers,SHP_PRE_Painkillers,,,,
Pancake,DHP_PRE_Pancakes_1024,y,,,
Paper,Paper_2a,y,,,
Paper,Paper_2,y,,,
PaperTowel,mH_PaperTowel,y,,,
Peach,FMGP_PRE_Peach_1024,,,,
Pear,FMGP_PRE_Pear_1024,y,,,
Pen,mH_BookSet04_Pen,y,,,
Perfume,PRE_PRO_Perfume_01,,,,
PhotoFrame,PRE_PRO_Photo_frame_01,,,,
Pie,DHP_PRE_Cherry_pie_1024,y,,,
Pie,DHP_PRE_Apple_pie_1024,y,,,
Pillow,PRE_DEC_Pillow_01_01_01,y,,,
Pillow,PRE_DEC_Pillow_01_01_02,y,,,
Pillow,PRE_DEC_Pillow_01_01_03,y,,,
Pillow,PRE_DEC_Pillow_01_01_04,y,,,
Pillow,PRE_DEC_Pillow_01_01_05,y,,,
Pillow,PRE_DEC_Pillow_01_01_06,y,,,
Pillow,PRE_DEC_Pillow_01_01_07,y,,,
Pillow,PRE_DEC_Pillow_01_02_01,y,,,
Pillow,PRE_DEC_Pillow_01_02_02,y,,,
Pillow,PRE_DEC_Pillow_01_02_03,y,,,
Pillow,PRE_DEC_Pillow_01_02_04,y,,,
Pillow,PRE_DEC_Pillow_01_02_05,y,,,
Pillow,PRE_DEC_Pillow_01_02_06,y,,,
Pillow,PRE_DEC_Pillow_01_02_07,y,,,
Pillow,PRE_DEC_Pillow_01_03_01,y,,,
Pillow,PRE_DEC_Pillow_01_03_02,y,,,
Pillow,PRE_DEC_Pillow_01_03_03,y,,,
Pillow,PRE_DEC_Pillow_01_03_04,y,,,
Pillow,PRE_DEC_Pillow_01_03_05,y,,,
Pillow,PRE_DEC_Pillow_01_03_06,y,,,
Pillow,PRE_DEC_Pillow_01_03_07,y,,,
Pillow,PRE_DEC_Pillow_01_04_01,y,,,
Pillow,PRE_DEC_Pillow_01_04_02,y,,,
Pillow,PRE_DEC_Pillow_01_04_03,y,,,
Pillow,PRE_DEC_Pillow_01_04_04,y,,,
Pillow,PRE_DEC_Pillow_01_04_05,y,,,
Pillow,PRE_DEC_Pillow_01_05_01,y,,,
Pillow,PRE_DEC_Pillow_01_05_02,y,,,
Pillow,PRE_DEC_Pillow_01_05_03,y,,,
Pillow,PRE_DEC_Pillow_01_05_04,y,,,
Pillow,PRE_DEC_Pillow_01_05_05,y,,,
Pillow,PRE_DEC_Pillow_01_06_01,y,,,
Pillow,PRE_DEC_Pillow_01_06_02,y,,,
Pillow,PRE_DEC_Pillow_01_06_03,y,,,
Pillow,PRE_DEC_Pillow_01_06_04,y,,,
Pillow,PRE_DEC_Pillow_01_06_05,y,,,
Pillow,PRE_DEC_Pillow_01_07_01,y,,,
Pillow,PRE_DEC_Pillow_01_07_02,y,,,
Pillow,PRE_DEC_Pillow_01_07_03,y,,,
Pillow,PRE_DEC_Pillow_01_07_04,y,,,
Pillow,PRE_DEC_Pillow_01_07_05,y,,,
Plum,FMGP_PRE_Plum_1024,y,,,
Potato,FMGP_PRE_Potato_1024,y,,,
Potato,Potato_1,y,,,
PoundCake,DHP_PRE_Pound_cake_1024,y,,,
Power_socket,PRE_ELE_Power_socket_01,,,,
Printer,Printer1,,y,y,
Printer,Printer2,,y,y,
Projector,Projector,,,,
Pudding,DHP_PRE_Pudding_1024,y,,,
Radio,Radio_1,y,y,y,
Radio,Radio_2,y,y,y,
Radio,Radio_4,y,y,y,
Radio,Radio_5,y,y,y,
Radio,Radio_6,y,y,y,
Remote_control,Remote_control_1,y,,y,
Remote_control,Remote_control_2,y,,y,
Remote_control,Remote_control_3,y,,y,
Remote_control,Remote_control_6,y,,y,
Rug,PRE_DEC_Rug_01_01_01,y,,,y
Rug,PRE_DEC_Rug_01_01_02,y,,,y
Rug,PRE_DEC_Rug_01_01_03,y,,,y
Rug,PRE_DEC_Rug_01_01_04,y,,,y
Rug,PRE_DEC_Rug_01_01_05,y,,,y
Rug,PRE_DEC_Rug_01_01_06,y,,,y
Rug,PRE_DEC_Rug_01_01_07,y,,,y
Rug,PRE_DEC_Rug_01_02_01,y,,,y
Rug,PRE_DEC_Rug_01_02_02,y,,,y
Rug,PRE_DEC_Rug_01_02_03,y,,,y
Rug,PRE_DEC_Rug_01_02_04,y,,,y
Rug,PRE_DEC_Rug_01_02_05,y,,,y
Rug,PRE_DEC_Rug_01_02_06,y,,,y
Rug,PRE_DEC_Rug_01_02_07,y,,,y
Rug,PRE_DEC_Rug_01_03_01,y,,,y
Rug,PRE_DEC_Rug_01_03_02,y,,,y
Rug,PRE_DEC_Rug_01_03_03,y,,,y
Rug,PRE_DEC_Rug_01_03_04,y,,,y
Rug,PRE_DEC_Rug_01_03_05,y,,,y
Rug,PRE_DEC_Rug_01_04_01,y,,,y
Rug,PRE_DEC_Rug_01_04_02,y,,,y
Rug,PRE_DEC_Rug_01_04_03,y,,,y
Rug,PRE_DEC_Rug_01_04_04,y,,,y
Rug,PRE_DEC_Rug_01_04_05,y,,,y
Rug,PRE_DEC_Rug_01_05_01,y,,,y
Rug,PRE_DEC_Rug_01_05_02,y,,,y
Rug,PRE_DEC_Rug_01_05_03,y,,,y
Rug,PRE_DEC_Rug_01_05_04,y,,,y
Rug,PRE_DEC_Rug_01_05_05,y,,,y
Rug,PRE_DEC_Rug_01_06_01,y,,,y
Rug,PRE_DEC_Rug_01_06_02,y,,,y
Rug,PRE_DEC_Rug_01_06_03,y,,,y
Rug,PRE_DEC_Rug_01_06_04,y,,,y
Rug,PRE_DEC_Rug_01_06_05,y,,,y
Rug,PRE_DEC_Rug_02_01_01,y,,,y
Rug,PRE_DEC_Rug_02_01_02,y,,,y
Rug,PRE_DEC_Rug_02_01_03,y,,,y
Rug,PRE_DEC_Rug_02_01_04,y,,,y
Rug,PRE_DEC_Rug_02_01_05,y,,,y
Rug,PRE_DEC_Rug_02_01_06,y,,,y
Rug,PRE_DEC_Rug_02_01_07,y,,,y
Rug,PRE_DEC_Rug_02_02_01,y,,,y
Rug,PRE_DEC_Rug_02_02_02,y,,,y
Rug,PRE_DEC_Rug_02_02_03,y,,,y
Rug,PRE_DEC_Rug_02_02_04,y,,,y
Rug,PRE_DEC_Rug_02_02_05,y,,,y
Rug,PRE_DEC_Rug_02_02_06,y,,,y
Rug,PRE_DEC_Rug_02_02_07,y,,,y
Rug,PRE_DEC_Rug_02_03_01,y,,,y
Rug,PRE_DEC_Rug_02_03_02,y,,,y
Rug,PRE_DEC_Rug_02_03_03,y,,,y
Rug,PRE_DEC_Rug_02_03_04,y,,,y
Rug,PRE_DEC_Rug_02_03_05,y,,,y
Rug,PRE_DEC_Rug_02_04_01,y,,,y
Rug,PRE_DEC_Rug_02_04_02,y,,,y
Rug,PRE_DEC_Rug_02_04_03,y,,,y
Rug,PRE_DEC_Rug_02_04_04,y,,,y
Rug,PRE_DEC_Rug_02_04_05,y,,,y
Rug,PRE_DEC_Rug_02_05_01,y,,,y
Rug,PRE_DEC_Rug_02_05_02,y,,,y
Rug,PRE_DEC_Rug_02_05_03,y,,,y
Rug,PRE_DEC_Rug_02_05_04,y,,,y
Rug,PRE_DEC_Rug_02_05_05,y,,,y
Rug,PRE_DEC_Rug_02_06_01,y,,,y
Rug,PRE_DEC_Rug_02_06_02,y,,,y
Rug,PRE_DEC_Rug_02_06_03,y,,,y
Rug,PRE_DEC_Rug_02_06_04,y,,,y
Rug,PRE_DEC_Rug_02_06_05,y,,,y
Rug,PRE_DEC_Rug_03_01_01,y,,,y
Rug,PRE_DEC_Rug_03_01_02,y,,,y
Rug,PRE_DEC_Rug_03_01_03,y,,,y
Rug,PRE_DEC_Rug_03_01_04,y,,,y
Rug,PRE_DEC_Rug_03_01_05,y,,,y
Rug,PRE_DEC_Rug_03_01_06,y,,,y
Rug,PRE_DEC_Rug_03_01_07,y,,,y
Rug,PRE_DEC_Rug_03_02_01,y,,,y
Rug,PRE_DEC_Rug_03_02_02,y,,,y
Rug,PRE_DEC_Rug_03_02_03,y,,,y
Rug,PRE_DEC_Rug_03_02_04,y,,,y
Rug,PRE_DEC_Rug_03_02_05,y,,,y
Rug,PRE_DEC_Rug_03_02_06,y,,,y
Rug,PRE_DEC_Rug_03_02_07,y,,,y
Rug,PRE_DEC_Rug_03_03_01,y,,,y
Rug,PRE_DEC_Rug_03_03_02,y,,,y
Rug,PRE_DEC_Rug_03_03_03,y,,,y
Rug,PRE_DEC_Rug_03_03_04,y,,,y
Rug,PRE_DEC_Rug_03_03_05,y,,,y
Rug,PRE_DEC_Rug_03_04_01,y,,,y
Rug,PRE_DEC_Rug_03_04_02,y,,,y
Rug,PRE_DEC_Rug_03_04_03,y,,,y
Rug,PRE_DEC_Rug_03_04_04,y,,,y
Rug,PRE_DEC_Rug_03_04_05,y,,,y
Rug,PRE_DEC_Rug_03_05_01,y,,,y
Rug,PRE_DEC_Rug_03_05_02,y,,,y
Rug,PRE_DEC_Rug_03_05_03,y,,,y
Rug,PRE_DEC_Rug_03_05_04,y,,,y
Rug,PRE_DEC_Rug_03_05_05,y,,,y
Rug,PRE_DEC_Rug_03_06_01,y,,,y
Rug,PRE_DEC_Rug_03_06_02,y,,,y
Rug,PRE_DEC_Rug_03_06_03,y,,,y
Rug,PRE_DEC_Rug_03_06_04,y,,,y
Rug,PRE_DEC_Rug_03_06_05,y,,,y
Rug,PRE_DEC_Rug_02_01_01,y,,,y
Rug,PRE_DEC_Rug_02_01_02,y,,,y
Rug,PRE_DEC_Rug_02_01_03,y,,,y
Rug,PRE_DEC_Rug_02_01_04,y,,,y
Rug,PRE_DEC_Rug_02_01_05,y,,,y
Rug,PRE_DEC_Rug_02_01_06,y,,,y
Rug,PRE_DEC_Rug_02_01_07,y,,,y
Rug,PRE_DEC_Rug_02_02_01,y,,,y
Rug,PRE_DEC_Rug_02_02_02,y,,,y
Rug,PRE_DEC_Rug_02_02_03,y,,,y
Rug,PRE_DEC_Rug_02_02_04,y,,,y
Rug,PRE_DEC_Rug_02_02_05,y,,,y
Rug,PRE_DEC_Rug_02_02_06,y,,,y
Rug,PRE_DEC_Rug_02_02_07,y,,,y
Rug,PRE_DEC_Rug_02_03_01,y,,,y
Rug,PRE_DEC_Rug_02_03_02,y,,,y
Rug,PRE_DEC_Rug_02_03_03,y,,,y
Rug,PRE_DEC_Rug_02_03_04,y,,,y
Rug,PRE_DEC_Rug_02_03_05,y,,,y
Rug,PRE_DEC_Rug_02_04_01,y,,,y
Rug,PRE_DEC_Rug_02_04_02,y,,,y
Rug,PRE_DEC_Rug_02_04_03,y,,,y
Rug,PRE_DEC_Rug_02_04_04,y,,,y
Rug,PRE_DEC_Rug_02_04_05,y,,,y
Rug,PRE_DEC_Rug_02_05_01,y,,,y
Rug,PRE_DEC_Rug_02_05_02,y,,,y
Rug,PRE_DEC_Rug_02_05_03,y,,,y
Rug,PRE_DEC_Rug_02_05_04,y,,,y
Rug,PRE_DEC_Rug_02_05_05,y,,,y
Rug,PRE_DEC_Rug_02_06_01,y,,,y
Rug,PRE_DEC_Rug_02_06_02,y,,,y
Rug,PRE_DEC_Rug_02_06_03,y,,,y
Rug,PRE_DEC_Rug_02_06_04,y,,,y
Rug,PRE_DEC_Rug_02_06_05,y,,,y
Rug,PRE_DEC_Rug_03_01_01,y,,,y
Rug,PRE_DEC_Rug_03_01_02,y,,,y
Rug,PRE_DEC_Rug_03_01_03,y,,,y
Rug,PRE_DEC_Rug_03_01_04,y,,,y
Rug,PRE_DEC_Rug_03_01_05,y,,,y
Rug,PRE_DEC_Rug_03_01_06,y,,,y
Rug,PRE_DEC_Rug_03_01_07,y,,,y
Rug,PRE_DEC_Rug_03_02_01,y,,,y
Rug,PRE_DEC_Rug_03_02_02,y,,,y
Rug,PRE_DEC_Rug_03_02_03,y,,,y
Rug,PRE_DEC_Rug_03_02_04,y,,,y
Rug,PRE_DEC_Rug_03_02_05,y,,,y
Rug,PRE_DEC_Rug_03_02_06,y,,,y
Rug,PRE_DEC_Rug_03_02_07,y,,,y
Rug,PRE_DEC_Rug_03_03_01,y,,,y
Rug,PRE_DEC_Rug_03_03_02,y,,,y
Rug,PRE_DEC_Rug_03_03_03,y,,,y
Rug,PRE_DEC_Rug_03_03_04,y,,,y
Rug,PRE_DEC_Rug_03_03_05,y,,,y
Rug,PRE_DEC_Rug_03_04_01,y,,,y
Rug,PRE_DEC_Rug_03_04_02,y,,,y
Rug,PRE_DEC_Rug_03_04_03,y,,,y
Rug,PRE_DEC_Rug_03_04_04,y,,,y
Rug,PRE_DEC_Rug_03_04_05,y,,,y
Rug,PRE_DEC_Rug_03_05_01,y,,,y
Rug,PRE_DEC_Rug_03_05_02,y,,,y
Rug,PRE_DEC_Rug_03_05_03,y,,,y
Rug,PRE_DEC_Rug_03_05_04,y,,,y
Rug,PRE_DEC_Rug_03_05_05,y,,,y
Rug,PRE_DEC_Rug_03_06_01,y,,,y
Rug,PRE_DEC_Rug_03_06_02,y,,,y
Rug,PRE_DEC_Rug_03_06_03,y,,,y
Rug,PRE_DEC_Rug_03_06_04,y,,,y
Rug,PRE_DEC_Rug_03_06_05,y,,,y
Salad,Salad_1,y,,,
Salmon,SMGP_PRE_Salmon_1024,y,,,
Shelf,mH_CornerShelf01,,,,
Shelf,mH_StorageShelf,,,,
Shelf_SoapSet,Shelf_SoapSet,,,,
Stall,PRE_FUR_Shower_stall_01_01,,,,
Stall,PRE_FUR_Shower_stall_01_02,,,,
Stall,PRE_FUR_Shower_stall_01_03,,,,
Stall,PRE_FUR_Shower_stall_01_04,,,,
Stall,PRE_FUR_Shower_stall_01_05,,,,
Stall,PRE_FUR_Shower_stall_02_01,,,,
Stall,PRE_FUR_Shower_stall_02_02,,,,
Stall,PRE_FUR_Shower_stall_02_03,,,,
Stall,PRE_FUR_Shower_stall_02_04,,,,
Stall,PRE_FUR_Shower_stall_02_05,,,,
Stall,PRE_FUR_Shower_stall_03_01,,,,
Stall,PRE_FUR_Shower_stall_03_03,,,,
Stall,PRE_FUR_Shower_stall_03_05,,,,
Stall,PRE_FUR_Shower_stall_04_02,,,,
Stall,PRE_FUR_Shower_stall_04_04,,,,
Stall,PRE_FUR_Shower_stall_05_01,,,,
Stall,PRE_FUR_Shower_stall_05_03,,,,
Stall,PRE_FUR_Shower_stall_05_05,,,,
Stall,PRE_FUR_Shower_stall_06_02,,,,
Stall,PRE_FUR_Shower_stall_06_04,,,,
Stall,PRE_FUR_Shower_stall_06_05,,,,
Sink,Sink2,,,,
Slippers,PRE_PRO_Slippers_01_01,y,,,
Slippers,PRE_PRO_Slippers_01_02,y,,,
Slippers,PRE_PRO_Slippers_01_03,y,,,
Slippers,PRE_PRO_Slippers_01_04,y,,,
Slippers,PRE_PRO_Slippers_01_05,y,,,
Slippers,PRE_PRO_Slippers_01_06,y,,,
Slippers,PRE_PRO_Slippers_01_07,y,,,
Slippers,PRE_PRO_Slippers_01_08,y,,,
Slippers,PRE_PRO_Slippers_01_09,y,,,
Slippers,PRE_PRO_Slippers_01_10,y,,,
Slippers,PRE_PRO_Slippers_01_11,y,,,
Slippers,PRE_PRO_Slippers_01_12,y,,,
Slippers,PRE_PRO_Slippers_01_13,y,,,
Slippers,PRE_PRO_Slippers_01_14,y,,,
Slippers,PRE_PRO_Slippers_01_15,y,,,
Slippers,PRE_PRO_Slippers_01_16,y,,,
Slippers,PRE_PRO_Slippers_01_17,y,,,
Slippers,PRE_PRO_Slippers_01_18,y,,,
Slippers,PRE_PRO_Slippers_01_19,y,,,
SoapSet,SoapSet1,,,,
SoapSet,SoapSet2,,,,
Sofa,PRE_FUR_Sofa_01_01_01,,,,y
Sofa,PRE_FUR_Sofa_01_01_02,,,,y
Sofa,PRE_FUR_Sofa_01_01_03,,,,y
Sofa,PRE_FUR_Sofa_01_02_01,,,,y
Sofa,PRE_FUR_Sofa_01_02_02,,,,y
Sofa,PRE_FUR_Sofa_01_02_03,,,,y
Sofa,PRE_FUR_Sofa_01_03_01,,,,y
Sofa,PRE_FUR_Sofa_01_03_02,,,,y
Sofa,PRE_FUR_Sofa_01_03_03,,,,y
Sofa,PRE_FUR_Sofa_01_04_01,,,,y
Sofa,PRE_FUR_Sofa_01_04_02,,,,y
Sofa,PRE_FUR_Sofa_01_04_03,,,,y
Sofa,PRE_FUR_Sofa_01_04_04,,,,y
Sofa,PRE_FUR_Sofa_01_04_05,,,,y
Sofa,PRE_FUR_Sofa_02_01_01_01,,,,y
Sofa,PRE_FUR_Sofa_02_01_01_02,,,,y
Sofa,PRE_FUR_Sofa_02_01_02_01,,,,y
Sofa,PRE_FUR_Sofa_02_01_02_02,,,,y
Sofa,PRE_FUR_Sofa_02_01_03_01,,,,y
Sofa,PRE_FUR_Sofa_02_01_03_02,,,,y
Sofa,PRE_FUR_Sofa_02_01_04_01,,,,y
Sofa,PRE_FUR_Sofa_02_01_04_02,,,,y
Sofa,PRE_FUR_Sofa_02_01_05_01,,,,y
Sofa,PRE_FUR_Sofa_02_01_05_02,,,,y
Sofa,PRE_FUR_Sofa_02_02_01_01,,,,y
Sofa,PRE_FUR_Sofa_02_02_01_02,,,,y
Sofa,PRE_FUR_Sofa_02_02_02_01,,,,y
Sofa,PRE_FUR_Sofa_02_02_02_02,,,,y
Sofa,PRE_FUR_Sofa_02_02_03_01,,,,y
Sofa,PRE_FUR_Sofa_02_02_03_02,,,,y
Sofa,PRE_FUR_Sofa_02_02_04_01,,,,y
Sofa,PRE_FUR_Sofa_02_02_04_02,,,,y
Sofa,PRE_FUR_Sofa_02_02_05_01,,,,y
Sofa,PRE_FUR_Sofa_02_02_05_02,,,,y
Sofa,PRE_FUR_Sofa_02_02_06_01,,,,y
Sofa,PRE_FUR_Sofa_02_02_06_02,,,,y
Sofa,PRE_FUR_Sofa_02_02_07_01,,,,y
Sofa,PRE_FUR_Sofa_02_02_07_02,,,,y
Sofa,PRE_FUR_Sofa_02_02_08_01,,,,y
Sofa,PRE_FUR_Sofa_02_02_08_02,,,,y
Sofa,PRE_FUR_Sofa_02_02_09_01,,,,y
Sofa,PRE_FUR_Sofa_02_02_09_02,,,,y
Sofa,PRE_FUR_Sofa_02_02_10_01,,,,y
Sofa,PRE_FUR_Sofa_02_02_10_02,,,,y
Sofa,PRE_FUR_Sofa_02_03_01_01,,,,y
Sofa,PRE_FUR_Sofa_02_03_01_02,,,,y
Sofa,PRE_FUR_Sofa_02_03_02_01,,,,y
Sofa,PRE_FUR_Sofa_02_03_02_02,,,,y
Sofa,PRE_FUR_Sofa_02_03_03_01,,,,y
Sofa,PRE_FUR_Sofa_02_03_03_02,,,,y
Sofa,PRE_FUR_Sofa_02_03_04_01,,,,y
Sofa,PRE_FUR_Sofa_02_03_04_02,,,,y
Sofa,Sofa_1,,,,y
Sofa,Sofa_2,,,,y
Sofa,Sofa_3,,,,y
Sofa,Sofa_4,,,,y
Speaker,Speaker,,,,
Speaker,mH_SmallSpeaker,,,,
Speaker,mH_TallSpeaker,,,,
Washing_sponge,PRE_PRO_Washing_sponge,y,,,
Spoon,Spoon_1,y,,,
Spoon,mH_Spoon,y,,,
Stove,PRE_APP_Stove_01_01,,y,y,
Stove,PRE_APP_Stove_01_02,,y,y,
Stove,PRE_APP_Stove_01_03,,y,y,
Stove,PRE_APP_Stove_01_04,,y,y,
Stove,PRE_APP_Stove_01_05,,y,y,
StoveFan,StoveFan_8,,,,
StoveFan,PRE_APP_Stove_fan_01,,,,
Sundae,DHP_PRE_Sundae_1024,y,,,
TeddyBear,teddyBear,y,,,
Toy,Toy_1,y,,,
Toy,Toy_1a,y,,,
Toy,Toy_2,y,,,
Toy,Toy_2a,y,,,
Toy,Toy_2b,y,,,
Toy,Toy_4,y,,,
Toy,Toy_5,y,,,
Toy,Toy_6,y,,,
Toy,Toy_9,y,,,
Toy,Toy_10,y,,,
TV,PRE_ELE_TV_01,,,y,
TV,PRE_ELE_TV_02,,,y,
TV,TV1,,,y,
TV_stand,PRE_FUR_TV_stand_01_01,,,,
TV_stand,PRE_FUR_TV_stand_01_02,,,,
TV_stand,PRE_FUR_TV_stand_01_03,,,,
TV_stand,PRE_FUR_TV_stand_01_04,,,,
TV_stand,PRE_FUR_TV_stand_01_05,,,,
TV_stand,PRE_FUR_TV_stand_01_06,,,,
TV_stand,PRE_FUR_TV_stand_01_07,,,,
TV_stand,PRE_FUR_TV_stand_01_08,,,,
TV_stand,PRE_FUR_TV_stand_01_09,,,,
TV_stand,PRE_FUR_TV_stand_01_10,,,,
TV_stand,PRE_FUR_TV_stand_01_11,,,,
TV_stand,PRE_FUR_TV_stand_01_12,,,,
TV_stand,PRE_FUR_TV_stand_01_13,,,,
TV_stand,PRE_FUR_TV_stand_01_14,,,,
TV_stand,TVStand_1,,,,
TV_stand,TVStand_2,,,,
TV_stand,TVStand_3,,,,
TV_stand,TVStand_4,,,,
TV_stand,TVStand_5,,,,
Table_lamp,PRE_LAM_Table_lamp_02_01,,,,
Table_lamp,PRE_LAM_Table_lamp_02_02,,,,
Table_lamp,PRE_LAM_Table_lamp_02_03,,,,
Table_lamp,PRE_LAM_Table_lamp_02_04,,,,
Table_lamp,PRE_LAM_Table_lamp_02_05,,,,
Table_lamp,PRE_LAM_Table_lamp_02_06,,,,
Table_lamp,PRE_LAM_Table_lamp_02_07,,,,
Table_lamp,PRE_LAM_Table_lamp_02_08,,,,
Table_lamp,PRE_LAM_Table_lamp_02_09,,,,
Table_lamp,PRE_LAM_Table_lamp_02_10,,,,
Table_lamp,PRE_LAM_Table_lamp_02_11,,,,
Table_lamp,PRE_LAM_Table_lamp_02_12,,,,
Table_lamp,PRE_LAM_Table_lamp_02_13,,,,
Table_lamp,PRE_LAM_Table_lamp_02_14,,,,
Table_lamp,PRE_LAM_Table_lamp_02_15,,,,
Toaster,PRE_APP_Toaster_01,,,y,
Toaster,PRE_APP_Toaster_02,,,y,
Toaster,PRE_APP_Toaster_03,,,y,
Toaster,PRE_APP_Toaster_04,,,y,
Toaster,PRE_APP_Toaster_05,,,y,
Toaster,PRE_APP_Toaster_06,,,y,
Toilet,Toilet_1,,y,,y
Toilet,PRE_FUR_Toilet_01,,y,,y
Toilet,PRE_FUR_Toilet_02,,y,,y
Toilet,PRE_FUR_Toilet_03,,y,,y
Toilet,PRE_FUR_Toilet_04,,y,,y
ToiletPaper,ToiletPaper_1,y,,,
ToiletPaper,MOD_PRO_Toilet_paper_01,y,,,
ToiletPaper,MOD_PRO_Toilet_paper_02,y,,,
ToiletPaper,mH_ToiletPaper,y,,,
Tomato,FMGP_PRE_Tomato_1024,y,,,
Toothbrush,PRE_PRO_Toothbrush_01,y,,,
Toothpaste,SHP_PRE_Toothpaste,y,y,,
Towel,Towel1,y,,,
Towel,Towel2,y,,,
Towel,PRE_PRO_Towel_02,y,,,
Towel,PRE_PRO_Towel_02,y,,,
Towel_rack,PRE_FUR_Towel_rack_02_02,y,,,
WallPictureFrame,WallPictureFrame_1,y,,,
WallPictureFrame,WallPictureFrame_2,y,,,
WallPictureFrame,WallPictureFrame_3,y,,,
WallPictureFrame,PRE_DEC_Painting_01,y,,,
WallPictureFrame,PRE_DEC_Painting_02,y,,,
WallPictureFrame,PRE_DEC_Painting_03,y,,,
WallPictureFrame,PRE_DEC_Painting_04,y,,,
WallPictureFrame,PRE_DEC_Painting_05,y,,,
WallPictureFrame,PRE_DEC_Painting_06,y,,,
WallPictureFrame,PRE_DEC_Painting_07,y,,,
WallPictureFrame,PRE_DEC_Painting_08,y,,,
WallPictureFrame,PRE_DEC_Painting_09,y,,,
WallPictureFrame,PRE_DEC_Painting_10,y,,,
WallPictureFrame,PRE_DEC_Painting_11,y,,,
WallPictureFrame,PRE_DEC_Painting_12,y,,,
WallPictureFrame,PRE_DEC_Painting_13,y,,,
WallPictureFrame,PRE_DEC_Painting_14,y,,,
WallPictureFrame,PRE_DEC_Painting_15,y,,,
WallTV,WallTV1,,,y,
WallTV,WallTV2,,,y,
Wall_lamp,PRE_LAM_Wall_lamp_01_01,,,,
Wall_lamp,PRE_LAM_Wall_lamp_01_02,,,,
Wall_phone,PRE_ELE_Wall_phone_01,y,,y,
Wall_phone,PRE_ELE_Wall_phone_02,y,,y,
Wall_phone,PRE_ELE_Wall_phone_03,y,,y,
Wall_phone,PRE_ELE_Wall_phone_04,y,,y,
WaterGlass,mH_DrinkingGlass,y,,,
WaterGlass,mH_DrinkingGlass02,y,,,
WaterGlass,mH_DrinkingGlass03,y,,,
WaterGlass,PRE_PRO_Water_glass_01,y,,,
Watermelon,FMGP_PRE_Watermelon_1024,y,,,
WhippedCream,SMGP_PRE_Whipped_cream_1024,y,,,
WineGlass,WineGlass_2,y,,,
WineGlass,WineGlass_3,y,,,
WineGlass,mH_WineGlass,y,,,
WineGlass,PRE_PRO_Wine_glass_01 1,y,,,
Computer,PRE_ELE_CPU_case_01,,,y,
Computer,PRE_ELE_CPU_case_02,,,y,
Computer,PRE_ELE_CPU_case_03,,,y,
CPU_screen,PRE_ELE_CPU_screen_01,,,,
CPU_screen,PRE_ELE_CPU_screen_02,,,,
Alcohol,Alcohol_1,y,,,
Alcohol,Alcohol_2,y,,,
Alcohol,Alcohol_cognac,y,,,
Alcohol,Alcohol_gin,y,,,
Alcohol,Alcohol_jack_daniel,y,,,
Alcohol,Alcohol_xo,y,,,
Beer,Beer_1,y,y,,
Beer,Beer_2,y,y,,
Bottle_water,Bottle_water_1,,,,
Bottle_water,Bottle_water_2,,,,
Wine,Wine_1,y,,,
Wine,Wine_2,y,,,
Wine,Wine_3,y,,,
Wine,Wine_4,y,,,
Wine,Wine_5,y,,,
Paper_tray,Paper_tray_1,,,,
Wall_shelf,mH_WallShelf01,,,,
Wall_shelf,mH_WallShelf02,,,,
Wall_shelf,mH_WallShelf03,,,,
Wall_shelf,PRE_FUR_Shelf_01,,,,
Wall_shelf,PRE_FUR_Shelf_02,,,,
Wall_shelf,PRE_FUR_Shelf_03,,,,
Wall_shelf,PRE_FUR_Shelf_04,,,,
Wall_shelf,PRE_FUR_Shelf_05,,,,
Wall_shelf,PRE_FUR_Shelf_06,,,,
Wall_shelf,PRE_FUR_Shelf_07,,,,
Wall_shelf,PRE_FUR_Shelf_08,,,,
Wall_shelf,PRE_FUR_Shelf_09,,,,
Wall_shelf,PRE_FUR_Shelf_10,,,,
Standing_mirror,mH_StandingMirror,,,,
Standing_mirror,mH_StandingMirror_Small,,,,
Vase,mH_Vase_01,,,,
Vase,mH_Vase_02,,,,
Balance_ball,mH_BalanceBall,,,,
Long_board,mH_Longboard01,,,,
Washing_machine,Dark_Grey_Washing_Machine,,y,y,
